pais,Película_G6_todos_los_paises,Serie_G6_todos_los_paises,Película_Looker_pais_principal,Serie_Looker_pais_principal
Afghanistan,0.0,0.0,0.0,0.0
Albania,0.0,0.0,0.0,0.0
Alemania,4.3,2.9,2.4,2.6
Algeria,0.0,0.0,0.0,0.0
Angola,0.0,0.0,0.0,0.0
Arabia Saudita,0.1,0.1,0.0,0.1
Argentina,0.8,0.5,0.7,0.5
Armenia,0.0,0.0,0.0,0.0
Aruba,0.0,0.0,,
Australia,1.9,0.9,1.7,0.9
Austria,0.5,0.3,0.4,0.2
Azerbaijan,0.0,0.0,0.0,0.0
Bahamas,0.0,0.0,0.0,0.0
Bangladesh,0.0,0.0,0.0,0.0
Belarus,0.0,0.0,0.0,0.0
Bhutan,0.0,0.0,0.0,0.0
Bolivia,0.0,0.0,0.0,0.0
Bosnia and Herzegovina,0.0,0.0,0.0,0.0
Botswana,0.0,0.0,0.0,0.0
Brasil,1.1,1.6,1.0,1.5
Brunei Darussalam,0.0,0.0,0.0,0.0
Bulgaria,0.4,0.1,0.2,0.1
Bélgica,3.2,0.8,2.9,0.7
Cambodia,0.0,0.0,0.0,0.0
Cameroon,0.0,0.0,0.0,0.0
Canadá,6.6,4.1,5.8,3.6
Cayman Islands,0.0,0.0,,
Central African Republic,0.0,0.0,,
Chequia,0.4,0.5,0.2,0.5
Chile,0.3,0.7,0.3,0.7
China,3.1,11.9,2.6,11.7
Colombia,0.3,0.6,0.2,0.5
Congo,0.0,0.0,0.0,0.0
Corea del Sur,5.5,8.1,5.1,7.8
Cote D'Ivoire,0.0,0.0,0.0,0.0
Croacia,0.1,0.1,0.0,0.1
Cuba,0.1,0.0,0.0,0.0
Cyprus,0.0,0.0,0.0,0.0
Dinamarca,1.2,0.6,0.9,0.5
Dominican Republic,0.1,0.0,0.1,0.0
Ecuador,0.0,0.0,0.0,0.0
Egipto,0.1,1.3,0.1,1.3
Emiratos Árabes Unidos,0.2,0.1,0.1,0.0
Eslovaquia,0.1,0.2,0.0,0.1
España,3.5,1.6,2.2,1.4
Estados Unidos,48.5,20.0,35.6,15.5
Estonia,0.1,0.0,0.1,0.0
Ethiopia,0.0,0.0,0.0,0.0
Faeroe Islands,0.0,0.0,0.0,0.0
Fiji,0.0,0.0,0.0,0.0
Filipinas,0.8,2.5,0.8,2.5
Finlandia,0.5,0.3,0.3,0.2
Francia,10.6,2.5,6.4,2.0
French Polynesia,0.0,0.0,,
Georgia,0.1,0.0,0.0,0.0
Ghana,0.0,0.0,,
Grecia,0.2,0.4,0.1,0.3
Greenland,0.0,0.0,0.0,0.0
Guadaloupe,0.0,0.0,,
Guatemala,0.0,0.0,0.0,0.0
Hong Kong,1.6,1.4,0.7,1.3
Hungría,0.3,0.2,0.2,0.2
India,3.3,2.4,3.1,2.3
Indonesia,0.6,0.1,0.5,0.1
Irak,0.0,0.1,0.0,0.1
Irlanda,1.1,0.4,0.6,0.2
Irán,0.1,0.1,0.1,0.1
Islandia,0.2,0.0,0.1,0.0
Islas Menores de EE. UU.,0.0,0.0,0.0,0.0
Israel,0.2,0.4,0.1,0.4
Italia,2.9,0.9,1.9,0.7
Japón,6.2,11.8,5.7,11.5
Jordan,0.0,0.0,0.0,0.0
Kazakhstan,0.0,0.0,0.0,0.0
Kenya,0.0,0.0,0.0,0.0
Kosovo,0.0,0.0,,
Kuwait,0.0,0.1,0.0,0.0
Kyrgyz Republic,0.0,0.0,0.0,0.0
Lao People's Democratic Republic,0.0,0.0,,
Latvia,0.1,0.0,0.0,0.0
Liechtenstein,0.0,0.0,,
Lituania,0.1,0.1,0.0,0.1
Luxemburgo,0.4,0.0,0.1,0.0
Líbano,0.0,0.1,0.0,0.1
Macao,0.0,0.0,,
Macedonia,0.0,0.0,0.0,0.0
Malasia,0.2,0.3,0.1,0.2
Malawi,0.0,0.0,0.0,0.0
Malta,0.1,0.0,0.0,0.0
Marruecos,0.1,0.1,0.0,0.0
Mauritania,0.0,0.0,,
Mauritius,0.0,0.0,0.0,0.0
Monaco,0.0,0.0,,
Mongolia,0.0,0.0,0.0,0.0
Montenegro,0.0,0.0,,
Myanmar,0.0,0.0,0.0,0.0
México,1.6,2.0,1.2,1.7
Namibia,0.0,0.0,,
Nepal,0.0,0.0,0.0,0.0
Netherlands Antilles,0.0,0.0,,
New Caledonia,0.0,0.0,,
Nicaragua,0.0,0.0,0.0,0.0
Nigeria,0.0,0.0,0.0,0.0
Noruega,0.8,0.5,0.4,0.5
Nueva Zelanda,0.4,0.2,0.3,0.1
Pakistán,0.0,0.4,0.0,0.4
Palau,0.0,0.0,0.0,0.0
Palestinian Territory,0.0,0.0,0.0,0.0
Panama,0.0,0.0,0.0,0.0
Paraguay,0.0,0.0,0.0,0.0
Países Bajos,0.9,0.8,0.4,0.7
Perú,0.1,0.1,0.0,0.1
Polonia,0.9,0.7,0.6,0.6
Portugal,0.2,0.5,0.0,0.5
Puerto Rico,0.1,0.0,0.1,0.0
Qatar,0.1,0.0,0.0,0.0
Reino Unido,10.9,5.4,6.6,4.1
Rumania,0.2,0.1,0.1,0.1
Rusia,1.4,1.3,1.2,1.3
Rwanda,0.0,0.0,,
Senegal,0.0,0.0,,
Serbia,0.2,0.2,0.1,0.1
Singapur,0.2,0.2,0.0,0.1
Siria,0.0,0.1,0.0,0.1
Slovenia,0.0,0.0,0.0,0.0
Solomon Islands,0.0,0.0,,
Sri Lanka,0.0,0.0,0.0,0.0
St. Kitts and Nevis,0.0,0.0,0.0,0.0
St. Lucia,0.0,0.0,,
St. Pierre and Miquelon,0.0,0.0,,
Sudáfrica,0.4,0.4,0.3,0.3
Suecia,1.4,0.6,0.4,0.5
Suiza,0.7,0.2,0.1,0.1
Tailandia,0.6,1.3,0.4,1.2
Taiwán,0.5,0.9,0.2,0.8
Tanzania,0.0,0.0,0.0,0.0
Tunisia,0.0,0.0,0.0,0.0
Turquía,0.6,1.9,0.5,1.9
US Virgin Islands,0.0,0.0,,
Ucrania,0.2,0.2,0.0,0.2
Uganda,0.0,0.0,0.0,0.0
Uruguay,0.1,0.0,0.0,0.0
Uzbekistan,0.0,0.0,,
Vanuatu,0.0,0.0,,
Venezuela,0.1,0.1,0.0,0.1
Vietnam,0.1,0.1,0.1,0.1
Zambia,0.0,0.0,,
