titulos,calificacion_prom,pct_confiable,pct_alto_engagement,pct_estrella,pct_drama,pct_eeuu,roi_agregado,roi_mediano,peliculas_con_datos_fin,pct_cobertura_fin,tipo_contenido,release_year
1000,6.124117117117118,97.1,14.6,4.1000000000000005,44.5,50.0,2.569403982307331,1.6371657754010696,288,28.799999999999997,Película,2010
1000,6.152274274274275,98.2,15.299999999999999,4.3999999999999995,44.9,50.1,2.7884024505316196,1.904882894736842,293,29.299999999999997,Película,2011
1000,6.117063126252504,97.8,15.2,4.7,42.8,48.6,3.001002644732638,1.7656238928571428,264,26.400000000000002,Película,2012
1000,6.2013707414829655,97.3,18.5,5.800000000000001,44.6,50.5,2.9344616256429776,2.0964995708431835,286,28.599999999999998,Película,2013
1000,6.215404809619239,97.6,20.599999999999998,6.2,44.9,52.6,3.222466013501523,2.0224080416666665,271,27.1,Película,2014
1000,6.226798192771085,96.8,19.7,5.2,47.099999999999994,50.7,3.3907975567703312,2.01123595505618,261,26.1,Película,2015
1000,6.233682412060302,94.1,21.7,8.3,48.5,52.0,3.023005430751081,1.8618042226487523,285,28.499999999999996,Película,2016
1000,6.346657947686118,94.69999999999999,21.4,7.3,45.5,51.0,3.521333318409583,1.896020067187714,256,25.6,Película,2017
1000,6.371625884732053,93.30000000000001,23.200000000000003,7.3999999999999995,45.7,48.9,3.5743705163002364,1.8945359428571429,247,24.7,Película,2018
1000,6.464523955147809,93.8,23.1,10.2,42.199999999999996,48.9,3.564795156927044,1.8950884166666664,227,22.7,Película,2019
1000,6.421010298661174,88.7,16.7,7.1,42.0,47.8,1.4881856976032353,0.7535964285714286,119,11.899999999999999,Película,2020
1000,6.48802356557377,92.30000000000001,24.8,11.1,42.4,49.6,2.057272781553502,0.9101304689137163,154,15.4,Película,2021
1000,6.407962588473206,94.5,31.3,11.799999999999999,37.0,51.1,2.6127575407344525,1.1054818,174,17.4,Película,2022
1000,6.421278622087132,91.2,45.1,15.0,41.099999999999994,47.099999999999994,2.3087081577580024,1.2472098603238866,200,20.0,Película,2023
1000,6.41977754891864,82.3,70.39999999999999,18.8,41.199999999999996,45.2,2.60211373294923,1.6103526287625418,190,19.0,Película,2024
1000,6.448271698113208,8.6,18.6,1.7999999999999998,36.6,32.1,4.014450230540898,1.6078096555555557,25,2.5,Película,2025
1000,6.82310510948905,30.2,26.700000000000003,7.6,45.9,19.3,,,0,,Serie,2010
1000,6.776023943661972,30.2,28.299999999999997,8.3,43.0,17.9,,,0,,Serie,2011
1000,6.878396174863388,31.6,28.1,8.3,44.9,18.2,,,0,,Serie,2012
1000,6.933790344827585,33.800000000000004,29.9,9.8,46.400000000000006,17.2,,,0,,Serie,2013
1000,6.973903969270167,36.9,26.700000000000003,8.1,44.800000000000004,21.2,,,0,,Serie,2014
1000,6.853901170351105,37.8,31.5,10.5,45.5,20.599999999999998,,,0,,Serie,2015
1000,6.907719018404908,39.7,30.599999999999998,9.700000000000001,45.1,23.799999999999997,,,0,,Serie,2016
1000,6.947517323775388,41.6,29.099999999999998,10.4,51.4,22.900000000000002,,,0,,Serie,2017
1000,7.042827710843373,42.9,34.300000000000004,12.5,48.0,21.099999999999998,,,0,,Serie,2018
1000,7.136986935866983,45.5,30.5,11.1,51.0,24.099999999999998,,,0,,Serie,2019
1000,7.155646625766872,48.4,17.5,7.5,46.7,23.599999999999998,,,0,,Serie,2020
1000,7.0294879227053135,48.9,17.0,8.5,49.5,21.3,,,0,,Serie,2021
1000,6.948265088757396,44.4,20.7,7.3,55.2,19.8,,,0,,Serie,2022
1000,7.2526586206896555,46.6,19.3,8.5,60.4,15.9,,,0,,Serie,2023
1000,7.423845360824742,49.7,17.5,10.6,62.9,19.7,,,0,,Serie,2024
991,7.308480978260869,6.659939455095863,12.31079717457114,3.027245206861756,45.61049445005045,12.815338042381432,,,0,,Serie,2025
