tipo_contenido,pais,titulos,pct_del_tipo,calificacion_prom,pct_confiable,pct_alto_engagement
Película,Argentina,121,0.75625,6.4963559322033895,90.08264462809917,18.181818181818183
Película,Australia,302,1.8875,6.264561403508773,92.05298013245033,30.79470198675497
Película,Belgium,515,3.21875,6.431278884462152,95.92233009708738,16.893203883495143
Película,Brazil,172,1.075,6.725737499999999,87.20930232558139,17.441860465116278
Película,Canada,1063,6.64375,6.15695949855352,96.61335841956726,24.36500470366886
Película,China,499,3.11875,6.4326260330578515,90.38076152304609,33.46693386773547
Película,Denmark,188,1.175,6.615483516483517,95.74468085106383,15.957446808510639
Película,France,1701,10.63125,6.367294642857143,97.06055261610817,17.695473251028808
Película,Germany,691,4.31875,6.4355747800586505,96.52677279305355,17.51085383502171
Película,Hong Kong,260,1.625,6.328372549019608,96.92307692307692,25.769230769230766
Película,India,528,3.3000000000000003,6.469848049281314,85.41666666666666,19.507575757575758
Película,Ireland,173,1.0812499999999998,6.371939024390244,92.48554913294798,23.121387283236995
Película,Italy,462,2.8875,6.231931263858093,95.02164502164501,12.121212121212121
Película,Japan,990,6.1875,6.835736954206602,87.97979797979798,26.36363636363636
Película,Mexico,253,1.58125,6.7336215139442235,93.2806324110672,22.92490118577075
Película,Netherlands,140,0.8750000000000001,6.409678832116788,96.42857142857143,16.428571428571427
Película,No especificado,466,2.9125,6.199729629629629,34.763948497854074,13.304721030042918
Película,Norway,127,0.79375,6.505295081967213,92.91338582677166,23.62204724409449
Película,Philippines,135,0.84375,5.272769230769231,28.14814814814815,27.40740740740741
Película,Poland,140,0.8750000000000001,6.322098484848485,92.14285714285714,16.428571428571427
Película,Russia,219,1.36875,6.382053140096619,90.8675799086758,17.80821917808219
Película,South Korea,875,5.46875,6.347234536082474,59.31428571428572,26.62857142857143
Película,Spain,563,3.51875,6.349784277879342,92.89520426287744,23.44582593250444
Película,Sweden,216,1.35,6.544792270531401,95.37037037037037,19.444444444444446
Película,Switzerland,109,0.68125,6.4320555555555545,95.41284403669725,14.678899082568808
Película,United Kingdom,1743,10.89375,6.348334321280379,94.37751004016064,27.710843373493976
Película,United States of America,7762,48.512499999999996,6.250897551889302,95.31048698788972,32.91677402731255
Serie,Australia,150,0.9380276405478082,7.0272335766423355,57.99999999999999,17.333333333333336
Serie,Belgium,131,0.8192108060784192,6.932533333333334,35.11450381679389,25.954198473282442
Serie,Brazil,261,1.6321680945531862,7.0524887892376675,38.31417624521073,46.74329501915709
Serie,Canada,652,4.077293477581139,6.761784188034189,40.79754601226993,32.055214723926376
Serie,Chile,117,0.7316615596272904,3.8935,7.6923076923076925,57.26495726495726
Serie,China,1900,11.881683446938904,7.263324441240086,14.578947368421053,14.631578947368421
Serie,Egypt,201,1.256957038334063,6.757083333333333,4.477611940298507,15.92039800995025
Serie,France,407,2.545181664686386,7.032960365853658,42.01474201474201,28.746928746928745
Serie,Germany,469,2.9328997561128136,6.910444055944055,26.439232409381663,23.66737739872068
Serie,Hong Kong,219,1.3695203551997999,7.680168,4.5662100456621,10.045662100456621
Serie,India,384,2.401350759802389,6.65301185770751,14.84375,44.01041666666667
Serie,Italy,147,0.919267087736852,7.219085714285714,56.4625850340136,28.57142857142857
Serie,Japan,1879,11.75035957726221,7.3563934426229505,63.27833954230974,17.083555082490687
Serie,Mexico,315,1.969858045150397,6.708925795053005,64.76190476190476,53.65079365079365
Serie,Netherlands,133,0.8317178412857232,6.878136842105263,19.548872180451127,22.55639097744361
Serie,No especificado,1795,11.225064098555437,6.838008733624454,10.974930362116991,16.15598885793872
Serie,Philippines,401,2.507660559064474,7.027455284552845,3.4912718204488775,48.6284289276808
Serie,Poland,105,0.6566193483834657,6.2369259259259255,28.57142857142857,29.523809523809526
Serie,Russia,204,1.2757175911450191,7.479396226415094,32.35294117647059,22.54901960784314
Serie,South Korea,1299,8.123319367144019,6.869478448275862,48.19091608929946,24.865280985373364
Serie,Spain,259,1.619661059345882,6.664964912280702,53.66795366795367,24.324324324324326
Serie,Sweden,102,0.6378587955725096,7.156189873417721,42.15686274509804,16.666666666666664
Serie,Taiwan,148,0.9255206053405041,6.780952830188679,20.27027027027027,10.135135135135135
Serie,Thailand,206,1.2882246263523232,7.686761589403973,24.75728155339806,6.796116504854369
Serie,Turkey,309,1.9323369395284846,7.071228668941979,46.27831715210356,29.773462783171524
Serie,United Kingdom,865,5.409292727159027,6.977061459667094,62.42774566473989,23.468208092485547
Serie,United States of America,3193,19.96748170846101,7.077685344827587,75.82211086752271,34.168493579705604
