tipo_contenido,genero_unificado,titulos,pct_del_tipo,calificacion_prom,pct_confiable,pct_alto_engagement
Película,Acción y Aventura,4157,25.98125,6.295483592400691,94.80394515275438,40.14914601876353
Película,Animación,1579,9.86875,6.939563233376793,94.61684610512982,35.40215326155795
Película,Ciencia ficción y Fantasía,2730,17.0625,6.297067873303168,94.87179487179486,39.120879120879124
Película,Comedia,4533,28.33125,6.296161902584039,93.75689388925656,22.876682108978603
Película,Crimen,1738,10.8625,6.346942114589486,94.76409666283084,27.963176064441885
Película,Documental,916,5.7250000000000005,7.102306615776082,77.62008733624454,9.170305676855897
Película,Drama,6910,43.1875,6.463137716368054,88.85672937771346,21.041968162083936
Película,Familia,1472,9.2,6.682830294530154,94.76902173913044,33.83152173913043
Película,Guerra y Política,420,2.625,6.632636144578313,96.42857142857143,24.523809523809522
Película,Historia,732,4.575,6.771319001386963,96.44808743169399,23.497267759562842
Película,Misterio,1242,7.7625,6.219641132389675,94.28341384863124,26.65056360708535
Película,Música,488,3.05,6.958117903930131,89.13934426229508,16.39344262295082
Película,No especificado,108,0.675,6.8999999999999995,5.555555555555555,12.962962962962962
Película,Romance,2571,16.06875,6.323662262592898,81.21353558926488,22.287047841306883
Película,Suspenso,3769,23.556250000000002,6.037734374999999,93.42000530644732,31.095781374369857
Película,Terror,2425,15.156249999999998,5.72486191923578,91.34020618556701,28.24742268041237
Película,Western,126,0.7875,6.185862903225806,96.82539682539682,29.365079365079367
Serie,Acción y Aventura,1988,12.431992996060284,7.401461707988981,65.19114688128774,28.621730382293762
Serie,Animación,2490,15.571258833093616,7.331783068783069,62.088353413654616,23.373493975903614
Serie,Ciencia ficción y Fantasía,1958,12.244387467950721,7.387851706771125,69.15219611848825,26.915219611848823
Serie,Comedia,4572,28.59108248389719,7.0639431412544615,50.26246719160105,25.131233595800524
Serie,Crimen,1465,9.16140328935026,7.214447328244274,62.116040955631405,25.52901023890785
Serie,Documental,909,5.684447501719717,7.414943750000001,28.052805280528055,17.16171617161716
Serie,Drama,7859,49.14639484710149,7.0562262166405025,44.02595750095432,26.033846545362003
Serie,Familia,2082,13.019823650803577,7.0154703726328655,30.547550432276655,33.66954851104707
Serie,Guerra y Política,323,2.0198861859796136,7.475286885245902,42.10526315789473,18.885448916408667
Serie,Misterio,1332,8.329685448064536,7.205145256087323,58.78378378378378,20.27027027027027
Serie,No especificado,1071,6.697517353511351,6.417909952606635,3.361344537815126,16.99346405228758
Serie,Noticias,113,0.7066474892126822,6.262657534246576,18.58407079646018,41.5929203539823
Serie,Reality,1630,10.193233693952848,6.855126446280993,23.43558282208589,28.711656441717793
Serie,Talk show,654,4.089800512788443,6.450215130023642,14.067278287461773,42.04892966360856
Serie,Telenovela,631,3.945969607904446,6.247406488549618,32.17115689381934,62.75752773375595
