genero_original,genero_unificado
Action,Acción y Aventura
Action & Adventure,Acción y Aventura
Adventure,Acción y Aventura
Animation,Animación
Fantasy,Ciencia ficción y Fantasía
Sci-Fi & Fantasy,Ciencia ficción y Fantasía
Science Fiction,Ciencia ficción y Fantasía
Comedy,Comedia
Crime,Crimen
Documentary,Documental
Drama,Drama
Family,Familia
Kids,Familia
War,Guerra y Política
War & Politics,Guerra y Política
History,Historia
Mystery,Misterio
Music,Música
Unknown,No especificado
News,Noticias
Reality,Reality
Romance,Romance
Thriller,Suspenso
Talk,Talk show
Soap,Telenovela
Horror,Terror
Western,Western
